1	^	1378396
1	0	208463
1	9	160643
1	+	4
1	$	1378393
1	a	1481794
1	<	2
1	i	922081
1	m	483297
1	g	322039
1	/	13
1	s	714952
1	r	880835
1	c	387736
1	=	8
1	x	70007
1	o	766825
1	n	931593
1	l	630499
1	k	353885
1	e	1102295
1	t	557749
1	(	1
1	1	259980
1	)	1
1	;	1
1	>	2
1	#	8
1	!	1
1	%	3
1	&	2
1	'	23
1	*	2
1	?	1
1	_	42978
1	`	3
1	{	2
1	}	1
1	|	1
1	~	2
1	h	514360
1	u	409200
1	b	269548
1	w	150314
1	d	424989
1	3	136593
1	6	108170
1	5	119354
1	8	120847
1	X	618
1	S	5995
1	P	2754
1	4	121906
1	2	186738
1	p	230585
1	7	118896
1	v	206740
1	y	253994
1	z	133801
1	j	202924
1	q	25479
1	f	145299
1	C	3835
1	K	2920
1	D	4001
1	J	4042
1	Z	942
1	Y	894
1	E	2196
1	L	3092
1	M	5172
1	R	3480
1	H	2584
1	W	1617
1	T	3298
1	V	1354
1	A	5400
1	G	2520
1	I	1713
1	N	2295
1	F	1786
1	B	3540
1	Q	329
1	U	723
1	O	1439
1	ä	1
2	"^	3
2	^"	1
2	""	6
2	^[	1
2	[0	1
2	09	12405
2	9]	1
2	]+	1
2	+$	2
2	$"	3
2	"$	1
2	^a	118090
2	a<	1
2	<i	1
2	im	39522
2	mg	4011
2	g/	1
2	/s	1
2	sr	8910
2	rc	18626
2	c=	1
2	="	2
2	"x	1
2	x"	1
2	"o	1
2	on	124285
2	nc	28152
2	cl	10817
2	li	86708
2	ic	65652
2	ck	32556
2	k=	1
2	"a	1
2	al	110772
2	le	103595
2	er	194591
2	rt	41907
2	t(	1
2	(1	1
2	1)	1
2	);	1
2	;/	1
2	//	2
2	/"	1
2	">	1
2	>$	2
2	^#	2
2	#!	1
2	!$	1
2	$%	1
2	%&	1
2	&'	1
2	'*	1
2	*+	1
2	+/	1
2	/=	1
2	=?	1
2	?^	1
2	^_	68
2	_`	1
2	`{	1
2	{}	1
2	}|	1
2	|~	1
2	~a	1
2	ar	183796
2	re	97615
2	eg	18942
2	gs	7050
2	s$	81498
2	#$	1
2	^&	1
2	&$	1
2	^*	1
2	*$	1
2	^+	2
2	+g	1
2	gi	21707
2	it	54513
2	th	66644
2	hu	37045
2	ub	15458
2	b$	12742
2	^0	1416
2	0$	37401
2	00	34141
2	0_	107
2	_0	713
2	01	31178
2	10	28708
2	1h	148
2	h$	31955
2	0t	245
2	to	60154
2	o1	4415
2	1$	51788
2	0w	179
2	wa	35433
2	a1	7575
2	0h	154
2	he	74415
2	el	102211
2	ll	62374
2	lo	50606
2	ow	18849
2	wo	12059
2	or	77011
2	rl	16113
2	ld	16685
2	d0	1364
2	03	12920
2	36	7602
2	65	6802
2	50	10677
2	08	11490
2	86	8577
2	6X	2
2	XS	9
2	SP	37
2	P$	85
2	04	11581
2	40	9948
2	38	6621
2	69	7011
2	98	13739
2	82	8247
2	2S	11
2	11	25075
2	16	14330
2	58	6877
2	80	8552
2	05	12021
2	85	7655
2	5s	240
2	sp	15045
2	p$	12466
2	02	15591
2	20	30558
2	07	13215
2	72	7756
2	2$	42332
2	28	9453
2	81	8411
2	13	19197
2	32	9904
2	3b	287
2	44	7837
2	48	6451
2	84	7566
2	4$	34248
2	57	7193
2	71	8423
2	61	8536
2	75	7025
2	7$	38024
2	87	9054
2	23	16365
2	3$	39552
2	92	11890
2	22	13576
2	8$	31359
2	0d	312
2	de	73991
2	ee	37135
2	ep	17806
2	pa	43775
2	ak	42493
2	k0	1390
2	0m	335
2	ma	146870
2	ce	23170
2	l$	42320
2	0r	385
2	g$	37145
2	0x	513
2	x0	670
2	46	7011
2	67	6507
2	76	7001
2	63	6745
2	12	27928
2	27	10030
2	78	7677
2	88	10628
2	19	27395
2	94	10903
2	2d	336
2	dr	36337
2	r$	81033
2	49	7170
2	97	10525
2	06	10742
2	60	8775
2	41	9763
2	14	16858
2	79	7378
2	43	7103
2	7g	147
2	ga	40362
2	au	32482
2	ur	40801
2	ra	125264
2	av	40191
2	v$	24640
2	24	11408
2	90	12103
2	2p	275
2	pl	7298
2	la	87015
2	ay	30307
2	y$	42482
2	91	12469
2	17	13284
2	70	8481
2	di	36948
2	ir	36483
2	an	308396
2	n0	4653
2	0g	224
2	go	28579
2	ot	27451
2	ti	53726
2	ik	35245
2	ka	56033
2	a0	3506
2	0k	238
2	nk	26572
2	ad	52119
2	dh	11093
2	us	42533
2	su	24213
2	ud	15442
2	da	68130
2	n$	120886
2	0s	418
2	ps	7086
2	s9	2660
2	31	12152
2	62	7360
2	73	6819
2	15	17167
2	56	7879
2	21	16137
2	1d	288
2	d3	1087
2	1s	490
2	so	44724
2	ol	51288
2	o$	55673
2	26	9509
2	0a	259
2	a$	79386
2	25	11190
2	53	7178
2	29	9466
2	9$	32044
2	35	8128
2	33	9555
2	6$	32802
2	39	7261
2	99	21509
2	93	10941
2	37	7902
2	42	9344
2	52	9173
2	30	12132
2	18	12399
2	34	9074
2	1c	360
2	ca	43130
2	at	74005
2	t$	47645
2	1k	296
2	kn	4320
2	na	75701
2	tz	7368
2	z$	18806
2	1l	179
2	ab	34071
2	bs	5762
2	sh	86938
2	hi	59904
2	ri	111987
2	is	77006
2	1x	114
2	x$	11680
2	1z	93
2	zh	16086
2	uy	8031
2	ya	41623
2	ao	18930
2	45	8833
2	68	5999
2	3h	176
2	ha	133388
2	rs	29996
2	h0	1656
2	3r	717
2	nd	74623
2	do	35638
2	om	40031
2	m$	25583
2	5$	33892
2	66	7789
2	64	6798
2	89	10567
2	95	11075
2	47	7260
2	54	7584
2	77	9938
2	96	10686
2	83	7330
2	55	8278
2	5k	133
2	kv	1866
2	vs	5211
2	5v	58
2	vi	50977
2	in	151519
2	74	6695
2	4s	419
2	sa	65875
2	nu	12454
2	u$	24740
2	7_	97
2	_p	1515
2	ve	37112
2	7a	275
2	am	83666
2	mi	65873
2	tb	4620
2	ba	42874
2	ns	42729
2	en	133311
2	ko	37746
2	7b	187
2	bh	9541
2	ni	72487
2	bo	28914
2	oh	20278
2	ho	45421
2	br	30132
2	wt	1607
2	mm	14200
2	gz	2535
2	zs	2236
2	7k	134
2	ke	44070
2	et	43685
2	tu	14701
2	ul	30143
2	ky	9995
2	y0	1725
2	7l	109
2	ds	11641
2	ki	39672
2	ng	99657
2	lv	8844
2	va	41621
2	7m	259
2	me	51696
2	em	33331
2	mo	41253
2	ry	24079
2	ch	109749
2	ae	18095
2	lj	3937
2	j$	7323
2	gq	871
2	qi	4317
2	7n	118
2	no	40463
2	7p	99
2	pi	17570
2	ig	23791
2	7s	279
2	ai	43778
2	hg	2690
2	oy	10991
2	se	53728
2	ea	32463
2	og	15252
2	sl	13304
2	lm	12543
2	sm	17316
2	ug	11087
2	te	70471
2	es	73711
2	st	80402
2	aj	16098
2	ji	16677
2	7v	76
2	as	94644
2	sy	6713
2	6w	64
2	wy	2001
2	yx	1241
2	8l	84
2	lu	24854
2	ui	16567
2	sf	3965
2	f$	9484
2	8m	182
2	mn	3204
2	nj	12754
2	lh	6015
2	hc	3744
2	c$	17506
2	51	10111
2	3c	370
2	cn	2705
2	0S	5
2	Sa	687
2	aa	17335
2	dC	53
2	Ch	994
2	hr	20007
2	af	12410
2	fr	16322
2	r0	2696
2	i9	2263
2	ex	16908
2	x2	793
2	nn	32560
2	ny	16706
2	yk	6317
2	sg	5818
2	ro	84142
2	i$	58423
2	0e	129
2	e9	2288
2	0f	149
2	fa	20925
2	ac	40903
2	ct	7823
2	fe	19379
2	ip	14093
2	pe	34627
2	e$	77804
2	ge	36576
2	rh	6461
2	rd	30564
2	d$	32706
2	od	24501
2	d1	2947
2	eo	14276
2	ls	17580
2	hf	1501
2	f1	1084
2	hl	7327
2	m0	1352
2	hn	14282
2	ne	68591
2	0i	118
2	iv	17256
2	il	66320
2	c0	1055
2	0j	114
2	ja	45692
2	rg	20992
2	jf	1706
2	rn	20001
2	ez	14948
2	jj	2419
2	je	19224
2	ss	34019
2	ej	8835
2	j0	521
2	0l	194
2	du	15748
2	uk	15167
2	k$	37161
2	ek	21471
2	lt	11560
2	os	50184
2	s0	2855
2	0n	385
2	0o	129
2	ey	26544
2	yi	7119
2	0p	187
2	eb	20739
2	bu	14110
2	pf	1691
2	fl	8068
2	um	18833
2	ph	19197
2	p0	602
2	aq	2056
2	q0	149
2	hm	10991
2	ru	28100
2	sc	29101
2	si	38719
2	my	8979
2	ia	64630
2	e1	6527
2	sv	4639
2	vb	1395
2	be	47256
2	tr	32170
2	ta	62019
2	o0	1790
2	0v	94
2	id	29426
2	we	22044
2	ei	32291
2	0y	79
2	yh	3353
2	0z	95
2	zo	6829
2	nx	2662
2	xi	11147
2	1a	422
2	az	14995
2	59	7300
2	dm	9145
2	sz	7637
2	zt	1578
2	2q	47
2	qa	866
2	s1	7449
2	4u	428
2	9t	115
2	ix	6238
2	xe	3347
2	1n	356
2	rw	5230
2	wh	4596
2	lz	2782
2	8b	148
2	2j	182
2	4c	416
2	cs	7831
2	4i	210
2	t0	1795
2	1_	142
2	_y	713
2	ye	13905
2	1g	259
2	gw	3266
2	ie	56223
2	8a	203
2	2n	251
2	ku	18868
2	3a	406
2	yu	15266
2	3j	117
2	j2	733
2	3l	293
2	gh	17069
2	ht	8769
2	3s	411
2	w$	8625
2	2t	253
2	un	40173
2	nh	15391
2	9m	150
2	_k	1650
2	dj	4209
2	_m	2716
2	ax	7538
2	kj	2502
2	1b	300
2	bl	13070
2	r6	893
2	lw	3411
2	wi	21405
2	ms	12912
2	gx	1884
2	ox	5017
2	ag	29274
2	1e	214
2	9c	161
2	c6	287
2	4e	436
2	e4	1354
2	4a	375
2	5d	179
2	dc	4498
2	c5	397
2	5e	112
2	e3	1600
2	8c	170
2	c7	395
2	1f	163
2	fp	962
2	pv	938
2	nt	47964
2	bc	2805
2	co	46535
2	1j	155
2	i0	2349
2	1m	367
2	mf	2453
2	f0	449
2	gu	25251
2	up	9040
2	pt	5355
2	1o	121
2	rr	26007
2	1p	203
2	1q	47
2	qu	10291
2	ue	21714
2	n1	10632
2	ks	14498
2	ec	23501
2	rm	19086
2	ev	36831
2	e0	3037
2	1t	271
2	ap	20897
2	yl	11943
2	r2	3644
2	yt	5756
2	tp	3523
2	tt	32736
2	ou	33724
2	uc	15325
2	1v	107
2	1w	117
2	1y	69
2	yo	12853
2	wm	2080
2	5l	87
2	2C	10
2	Cz	12
2	zi	10055
2	rj	5358
2	kK	30
2	K$	112
2	4g	257
2	9v	40
2	ib	11185
2	2D	9
2	DC	37
2	Cl	168
2	rk	21546
2	2_	98
2	_9	778
2	2a	393
2	kk	6176
2	ut	17682
2	uf	3923
2	ff	12127
2	2c	371
2	bi	22972
2	if	8483
2	2l	220
2	uv	2542
2	iy	9668
2	2s	423
2	o2	2623
2	2y	137
2	h1	3746
2	6j	90
2	5n	92
2	py	2529
2	pp	9382
2	pg	1642
2	2b	333
2	dz	3085
2	zy	5129
2	yw	2759
2	3_	102
2	sk	25298
2	ah	26243
2	ty	11018
2	bg	1630
2	gl	10778
2	s2	3877
2	k1	3378
2	jr	3872
2	ed	37182
2	l5	638
2	4r	408
2	n3	2827
2	aw	14773
2	sj	4569
2	jb	3492
2	wn	3821
2	tn	4273
2	nw	7499
2	wj	1370
2	jd	3308
2	9J	2
2	J$	90
2	3P	3
2	Pa	627
2	nZ	60
2	Ze	101
2	eY	30
2	Yo	113
2	5c	207
2	cb	2867
2	6y	68
2	uu	1909
2	7r	152
2	9u	61
2	6a	242
2	f3	349
2	9r	94
2	nr	11591
2	Se	473
2	cj	2154
2	9l	92
2	kh	13348
2	4_	92
2	fy	1211
2	c8	502
2	b7	331
2	4h	163
2	4j	181
2	4k	307
2	4l	284
2	ew	18309
2	dt	4881
2	rv	6862
2	4m	401
2	lb	9962
2	4n	388
2	yd	5866
2	4t	273
2	tl	6929
2	ts	19435
2	4y	122
2	9p	94
2	yj	2640
2	5g	163
2	nz	9095
2	za	19952
2	lr	4769
2	6n	124
2	9n	103
2	3m	341
2	0c	257
2	c2	1263
2	7c	223
2	cc	8327
2	d2	1887
2	a2	4368
2	b5	378
2	5b	196
2	bd	3627
2	db	5390
2	b4	450
2	9e	107
2	bb	6148
2	ua	18495
2	hz	1188
2	gp	2627
2	5j	122
2	ok	13847
2	5p	106
2	5r	114
2	jg	2199
2	gc	3986
2	cy	3665
2	jt	2545
2	s5	1119
2	5o	54
2	oc	17440
2	c3	656
2	3w	145
2	5z	56
2	uj	4014
2	0b	235
2	1r	224
2	5t	153
2	8j	97
2	6k	117
2	2i	98
2	4x	127
2	td	3847
2	2m	409
2	mp	10558
2	3z	103
2	zm	2748
2	3t	303
2	6b	175
2	t5	649
2	4d	323
2	9d	137
2	dy	11360
2	x4	320
2	9b	122
2	l3	1193
2	b0	970
2	9y	69
2	xl	1496
2	dw	5297
2	6c	189
2	yn	9087
2	cp	2675
2	6f	110
2	fu	5627
2	y1	3997
2	mt	3984
2	a9	3207
2	6v	54
2	ij	8259
2	ju	15764
2	8D	2
2	D$	142
2	6m	167
2	iz	9904
2	9s	192
2	gj	3025
2	s6	928
2	8r	156
2	8t	161
2	kr	13065
2	9a	239
2	6r	116
2	8s	199
2	3p	218
2	4b	340
2	7t	157
2	t6	506
2	7x	99
2	xt	2407
2	7E	5
2	EC	31
2	C3	9
2	ef	13430
2	cu	7471
2	7f	97
2	fo	11725
2	oe	14248
2	7j	100
2	yc	6474
2	fx	521
2	gb	3468
2	jk	3412
2	jm	4775
2	mc	11686
2	js	5835
2	op	18696
2	nb	14134
2	5L	3
2	L$	136
2	gr	19555
2	8Y	5
2	YL	16
2	LE	52
2	EE	31
2	E4	4
2	mw	2746
2	g2	2757
2	8M	2
2	Mo	448
2	aJ	31
2	8R	5
2	RY	5
2	YH	5
2	Hu	265
2	nW	133
2	W$	53
2	ze	13761
2	bk	1933
2	s3	1946
2	8f	94
2	rf	4709
2	f2	937
2	jo	36772
2	oi	9853
2	8k	120
2	8p	106
2	pj	1275
2	iu	11814
2	xp	1554
2	hs	7380
2	8T	5
2	T$	163
2	4J	4
2	2V	1
2	V$	88
2	lk	9160
2	gy	5096
2	3e	176
2	SW	24
2	WA	32
2	AT	60
2	6d	160
2	5_	71
2	by	4920
2	9h	87
2	ob	23964
2	e5	993
2	6q	29
2	qr	269
2	9C	6
2	CS	55
2	S1	98
2	9G	3
2	Ga	398
2	oD	62
2	9S	5
2	Si	385
2	xs	1868
2	hC	32
2	C$	141
2	nv	5508
2	wl	2957
2	eh	12670
2	w0	550
2	uz	6152
2	zb	1415
2	9j	94
2	jw	2411
2	9k	112
2	eu	9871
2	t1	4099
2	mu	16902
2	9o	59
2	pu	7027
2	9q	31
2	qn	220
2	9w	68
2	wk	1759
2	0H	5
2	Hi	145
2	iM	42
2	0I	2
2	IP	19
2	0N	2
2	NR	12
2	RG	35
2	G$	108
2	a7	1522
2	7h	138
2	w2	719
2	4w	162
2	w7	263
2	cr	11599
2	io	25463
2	tm	7175
2	gg	6431
2	gt	4011
2	t8	987
2	tc	8277
2	g0	2159
2	dn	3953
2	pb	2242
2	fd	1304
2	oo	24392
2	rp	7918
2	p3	523
2	pr	19302
2	cx	635
2	e7	1364
2	3n	362
2	nM	271
2	Mj	7
2	ln	3458
2	d6	510
2	df	2959
2	f4	278
2	bf	903
2	f9	394
2	3f	157
2	fc	1670
2	cd	3364
2	n2	6109
2	yp	4042
2	zz	5057
2	yz	2405
2	lp	6397
2	v5	208
2	ml	4335
2	dx	836
2	x5	278
2	5f	90
2	f6	194
2	vv	1543
2	v0	547
2	b6	266
2	7d	191
2	fi	13588
2	ci	16784
2	l7	832
2	pc	2580
2	nl	12019
2	gv	1226
2	v3	373
2	u0	1388
2	iw	3641
2	w1	1174
2	l0	1769
2	nm	14306
2	k4	831
2	w4	313
2	kb	3569
2	b2	1053
2	kx	525
2	xa	6844
2	y3	1062
2	r4	1480
2	m7	669
2	ym	7469
2	mx	820
2	h8	946
2	m4	766
2	lg	6122
2	aN	51
2	No	194
2	ov	31816
2	m3	986
2	3g	235
2	g4	802
2	_d	1737
2	3v	144
2	c4	477
2	e6	938
2	mq	453
2	q$	2065
2	mb	11685
2	ih	6786
2	mk	5069
2	oa	11328
2	px	279
2	tk	5899
2	kg	2430
2	ly	14741
2	g7	824
2	h3	1138
2	ft	4100
2	o3	1061
2	3k	284
2	kt	4113
2	a5	1155
2	r3	1834
2	cz	4911
2	nf	7727
2	sq	1602
2	ql	390
2	0u	111
2	g1	4940
2	t2	2538
2	dg	5340
2	u8	638
2	2g	266
2	vo	9251
2	vx	202
2	oj	6585
2	1F	5
2	F3	8
2	6D	7
2	yr	5818
2	c_	740
2	_j	1129
2	5a	220
2	8x	86
2	rb	11590
2	x1	1164
2	6e	110
2	e8	1595
2	r9	2600
2	8h	115
2	2E	7
2	E7	4
2	f5	198
2	2f	208
2	f8	245
2	x3	406
2	4f	163
2	d4	757
2	6h	95
2	d5	515
2	sw	7725
2	fm	2448
2	np	9217
2	x6	246
2	6C	13
2	C7	4
2	a6	1066
2	x7	328
2	x8	386
2	cf	1653
2	8B	4
2	BA	38
2	AD	75
2	C0	34
2	0D	9
2	DE	50
2	E$	97
2	x9	506
2	9f	89
2	xB	18
2	B4	6
2	4E	6
2	EF	12
2	FD	7
2	D8	5
2	7F	2
2	F9	5
2	CA	48
2	A7	8
2	xD	19
2	EA	27
2	D1	28
2	0C	9
2	CC	41
2	xF	14
2	FE	18
2	ED	37
2	E6	5
2	Fi	202
2	xL	12
2	L1	28
2	1Q	5
2	Q$	23
2	Le	492
2	nB	241
2	Ba	496
2	xM	18
2	MF	25
2	F$	76
2	xP	16
2	Pr	296
2	xy	1630
2	xZ	5
2	Zy	10
2	ys	11483
2	tx	919
2	ws	6840
2	xb	1253
2	b1	1728
2	d7	702
2	bp	1365
2	bz	714
2	xc	1658
2	xd	1335
2	vy	2546
2	dd	10353
2	e2	3692
2	ux	3573
2	xf	858
2	8e	92
2	xr	938
2	xg	914
2	xh	1061
2	xj	839
2	jn	2324
2	xk	838
2	5u	76
2	l2	2598
2	2o	120
2	xm	1667
2	kf	1539
2	xn	720
2	oq	1013
2	z9	668
2	xv	438
2	xw	1097
2	wu	3261
2	zp	1110
2	mz	1764
2	zu	4634
2	u3	667
2	zw	1296
2	w3	419
2	^1	21751
2	1C	9
2	C1	34
2	hy	7871
2	1i	126
2	6g	141
2	i2	2881
2	9i	62
2	5h	130
2	Ha	671
2	r1	6136
2	0T	5
2	To	414
2	y8	1149
2	mr	8575
2	kp	2880
2	eq	1206
2	tg	3427
2	po	17169
2	m5	536
2	i1	5096
2	tw	4690
2	2u	144
2	5H	5
2	1X	4
2	XX	25
2	X$	112
2	8z	63
2	qz	236
2	q1	419
2	mj	3233
2	cg	2738
2	3q	51
2	4L	10
2	nC	186
2	y7	860
2	of	12273
2	jp	3600
2	2h	201
2	2G	6
2	GC	17
2	a4	1379
2	3y	138
2	7G	3
2	8v	46
2	d9	1258
2	4p	162
2	xu	3758
2	uq	927
2	3o	106
2	8n	91
2	jh	3599
2	fg	1211
2	f7	254
2	0J	7
2	JT	22
2	Tu	83
2	Jo	1078
2	sA	80
2	Ar	370
2	0K	2
2	Ka	539
2	8_	55
2	_1	1741
2	bt	1668
2	hb	3834
2	bj	2152
2	bv	784
2	l4	921
2	k3	1001
2	kc	3166
2	hp	3522
2	km	5525
2	m6	509
2	n_	5553
2	_D	80
2	n8	3090
2	tf	2402
2	wc	1755
2	u1	2760
2	5m	173
2	z1	1508
2	6l	84
2	Du	182
2	md	4822
2	yg	3409
2	1u	100
2	2e	218
2	qq	541
2	5w	67
2	i5	812
2	b3	567
2	4Z	5
2	Z$	64
2	yb	5203
2	8d	135
2	5C	5
2	S0	46
2	c9	768
2	7y	93
2	2r	243
2	zr	1324
2	1A	6
2	AC	52
2	1G	5
2	Gr	347
2	yT	57
2	Th	559
2	1H	2
2	HP	11
2	Pe	378
2	1T	10
2	Ta	344
2	rF	55
2	nL	179
2	mh	4008
2	bm	2827
2	g8	1214
2	dk	4063
2	dl	6687
2	g5	814
2	fh	1018
2	wd	1806
2	m1	2990
2	lf	6970
2	hk	5862
2	jl	2825
2	m9	1195
2	p7	334
2	zj	1285
2	l8	967
2	sb	8291
2	p1	1496
2	p6	250
2	pw	1162
2	wb	1690
2	s8	1881
2	hd	4090
2	j3	374
2	uh	5437
2	vg	1834
2	6A	9
2	A$	167
2	C6	1
2	uo	5912
2	zn	1412
2	yy	2445
2	fw	770
2	4q	40
2	qw	540
2	r5	1001
2	1J	3
2	6z	46
2	3M	7
2	Me	306
2	aA	99
2	Ap	60
2	3N	5
2	Ne	242
2	_t	1476
2	m_	1390
2	vn	1785
2	3d	559
2	v2	873
2	a3	1840
2	cv	1199
2	3i	123
2	jc	4228
2	jy	1315
2	n4	2084
2	wg	1096
2	kz	1043
2	y4	870
2	tj	3490
2	mv	1994
2	vd	2283
2	gd	4023
2	g_	1605
2	3x	178
2	g3	1112
2	6R	7
2	R$	127
2	4v	107
2	6s	183
2	6t	117
2	9x	106
2	5x	73
2	2B	9
2	BD	14
2	C2	16
2	2H	5
2	sE	50
2	2M	9
2	Ma	1811
2	lB	71
2	B8	5
2	1M	8
2	MC	61
2	St	768
2	eN	55
2	2W	1
2	Wa	330
2	sR	91
2	l1	3916
2	c1	1991
2	DS	52
2	iU	10
2	U4	3
2	4R	5
2	Rq	1
2	q3	130
2	P4	6
2	Zx	2
2	xz	758
2	iK	51
2	Kx	5
2	rL	68
2	L5	6
2	Lm	4
2	mM	51
2	MB	38
2	Br	596
2	rz	6107
2	j1	1039
2	cm	4115
2	b8	396
2	tD	40
2	DU	10
2	UC	16
2	CK	25
2	t4	890
2	zq	599
2	2k	840
2	kw	3221
2	2z	97
2	p2	999
2	p5	233
2	qp	159
2	h7	838
2	xo	1470
2	u2	1598
2	yf	2289
2	2v	110
2	k9	1480
2	2w	160
2	wr	2822
2	t9	1492
2	zd	1646
2	9H	5
2	H$	94
2	6U	5
2	U$	59
2	7B	5
2	B$	84
2	4B	10
2	7o	69
2	kl	8230
2	ER	89
2	RJ	18
2	J1	23
2	G3	6
2	MR	38
2	eD	112
2	De	698
2	h4	919
2	7z	65
2	zx	899
2	bn	1567
2	5R	3
2	6G	6
2	lc	7947
2	0q	26
2	qj	159
2	3B	3
2	B9	9
2	3E	4
2	Ex	44
2	3L	5
2	LM	30
2	sV	29
2	3U	2
2	Un	49
2	3W	3
2	Wo	200
2	Wy	15
2	e_	2991
2	_J	33
2	iq	2995
2	m2	1828
2	hw	4383
2	t3	1189
2	b9	559
2	sd	7035
2	gk	2570
2	y2	2446
2	hq	467
2	pm	3039
2	hS	62
2	Sl	88
2	h_	1282
2	3u	102
2	wq	256
2	rx	967
2	h2	2379
2	2x	139
2	xx	2206
2	8A	3
2	7D	4
2	y6	601
2	6u	132
2	4Y	1
2	Y$	62
2	u5	490
2	9g	98
2	3C	5
2	4F	2
2	iS	75
2	S$	182
2	J0	6
2	4M	6
2	Mu	186
2	RO	43
2	OG	8
2	GE	23
2	RS	58
2	SM	36
2	4S	11
2	SI	42
2	IC	40
2	4T	7
2	pd	1919
2	jz	793
2	r7	1358
2	tv	2333
2	mR	24
2	Rh	21
2	4X	2
2	X0	15
2	k2	2062
2	z3	545
2	p8	367
2	qc	286
2	j6	173
2	uB	18
2	Bo	397
2	bI	12
2	IT	83
2	4z	101
2	0B	4
2	5F	7
2	9Z	4
2	ii	5867
2	2U	2
2	2R	4
2	6p	98
2	5A	5
2	A3	10
2	5B	4
2	tC	59
2	Ca	549
2	CO	40
2	O1	10
2	5D	2
2	Dk	5
2	5S	5
2	zR	5
2	Ro	692
2	bw	1234
2	dq	490
2	qt	266
2	5i	93
2	j5	238
2	zg	1498
2	zl	2242
2	gm	4734
2	i4	908
2	k8	1006
2	h9	1614
2	dp	3323
2	0R	7
2	R6	5
2	dv	2489
2	_w	1189
2	wv	321
2	9K	2
2	2Q	2
2	4Q	2
2	5M	4
2	M$	132
2	7Q	4
2	R0	15
2	0E	5
2	6S	10
2	2K	12
2	d8	825
2	6_	56
2	_M	96
2	MM	42
2	MX	8
2	fj	829
2	8y	68
2	Am	139
2	An	902
2	hV	16
2	6B	10
2	BS	32
2	So	281
2	sB	117
2	BF	7
2	FT	22
2	CD	21
2	Di	295
2	gn	7052
2	CH	86
2	H2	11
2	1P	8
2	D0	21
2	6H	5
2	HO	22
2	OP	20
2	PC	26
2	OL	34
2	6M	5
2	MW	20
2	6N	2
2	Na	327
2	6O	1
2	OM	22
2	cN	15
2	6P	3
2	PW	14
2	Wh	64
2	d_	1647
2	__	232
2	vM	22
2	M4	13
2	_g	1626
2	cw	1824
2	6i	77
2	6x	47
2	4A	5
2	7U	1
2	1Z	4
2	2L	6
2	9P	4
2	9Y	2
2	7q	32
2	pn	1442
2	5y	61
2	7A	2
2	A9	9
2	7C	4
2	Dr	237
2	kM	56
2	Q4	1
2	X2	7
2	uU	5
2	UK	17
2	KH	17
2	HF	7
2	Fu	64
2	oR	54
2	Rm	8
2	mS	64
2	S5	16
2	Mf	7
2	fB	14
2	B5	9
2	5X	3
2	XP	8
2	Pb	6
2	_b	1889
2	k5	591
2	7e	141
2	s4	1397
2	gf	2036
2	7u	111
2	vr	3078
2	7w	83
2	sn	7178
2	RI	68
2	I7	2
2	8q	27
2	_6	183
2	_5	284
2	wB	22
2	Be	557
2	8C	6
2	oE	24
2	El	157
2	8P	4
2	Po	196
2	nN	81
2	N$	114
2	y9	1678
2	i_	2428
2	_q	180
2	8g	113
2	8i	61
2	n9	4688
2	8o	58
2	8w	68
2	7J	1
2	GV	6
2	hj	2358
2	2A	11
2	Al	861
2	xV	8
2	VM	10
2	wz	652
2	_i	682
2	zf	677
2	9z	53
2	hh	3007
2	Cy	46
2	OH	19
2	HI	32
2	TN	11
2	NA	48
2	AR	119
2	RW	15
2	AL	80
2	uw	2376
2	oz	7161
2	4o	123
2	z0	661
2	Gu	204
2	aT	49
2	yW	50
2	KM	17
2	PB	13
2	BC	16
2	9_	64
2	_r	1491
2	s_	2705
2	_e	813
2	a8	1857
2	fs	2593
2	n5	1761
2	l9	1639
2	j4	295
2	C4	19
2	BE	36
2	E3	6
2	8F	3
2	F2	10
2	1B	8
2	hO	17
2	Or	70
2	CR	31
2	tN	17
2	1D	6
2	0G	7
2	6T	6
2	F6	8
2	B6	6
2	V4	4
2	SJ	24
2	JG	34
2	GQ	5
2	QH	4
2	HU	16
2	U3	3
2	BW	16
2	WT	5
2	T5	2
2	MU	14
2	CF	26
2	G8	4
2	YE	10
2	EH	19
2	H4	5
2	LK	17
2	KF	9
2	FX	5
2	XA	9
2	AG	40
2	GP	19
2	PP	13
2	PU	9
2	UY	5
2	YG	7
2	5E	2
2	3A	2
2	AE	21
2	E8	5
2	1I	3
2	IB	13
2	BI	16
2	I$	104
2	MS	66
2	5I	1
2	IS	69
2	wH	20
2	Mr	148
2	1N	6
2	N3	12
2	TE	60
2	E1	23
2	2P	4
2	4P	7
2	TI	32
2	IM	49
2	MH	30
2	OK	11
2	Zm	5
2	_a	2190
2	a_	3491
2	z4	315
2	ww	2009
2	yv	2004
2	t7	806
2	_$	487
2	eA	100
2	rQ	11
2	QA	13
2	v1	1350
2	kd	3153
2	zc	2075
2	g6	679
2	fb	1333
2	i7	1039
2	i3	1226
2	jv	1147
2	vm	1908
2	lq	579
2	i8	1292
2	p4	377
2	qs	408
2	sx	990
2	vc	1610
2	t_	1703
2	MA	103
2	AN	171
2	_l	1792
2	pk	2569
2	s7	1382
2	vu	1702
2	vw	442
2	bq	202
2	^2	8919
2	3G	2
2	Ge	264
2	qg	117
2	_f	994
2	fn	897
2	2F	7
2	RR	42
2	RE	72
2	EI	25
2	IR	20
2	RA	74
2	z8	448
2	wx	534
2	k7	726
2	3H	2
2	4U	5
2	CP	30
2	P1	21
2	wp	1164
2	pq	190
2	HT	16
2	T1	23
2	nH	185
2	7W	3
2	dB	69
2	vk	2077
2	vj	674
2	0M	10
2	6o	49
2	2J	5
2	6J	2
2	8S	3
2	_2	996
2	0L	4
2	JB	43
2	Bl	246
2	_o	681
2	k_	1384
2	z2	814
2	o9	1919
2	9M	5
2	3O	2
2	O$	55
2	4H	4
2	0W	2
2	1K	3
2	KA	33
2	AI	34
2	IO	20
2	1Y	3
2	YR	7
2	OB	25
2	E5	4
2	3J	6
2	tI	16
2	Im	51
2	vp	1417
2	lx	1150
2	rS	146
2	i6	597
2	1R	3
2	3K	5
2	2Z	2
2	Mc	143
2	cK	32
2	Ke	409
2	sD	69
2	D6	7
2	6E	2
2	q2	234
2	FB	8
2	A5	5
2	D3	13
2	vf	474
2	j9	394
2	vl	4019
2	7i	88
2	o8	1281
2	wf	1015
2	g9	1758
2	_n	1105
2	fv	475
2	v8	465
2	Cu	87
2	dT	38
2	Te	226
2	7T	3
2	Dc	12
2	Fl	160
2	2I	2
2	IE	40
2	5Y	1
2	hB	32
2	Bj	25
2	Ko	336
2	2N	8
2	NY	19
2	YC	7
2	AM	101
2	Qt	3
2	eS	153
2	SC	47
2	5J	2
2	2T	5
2	aY	21
2	Yv	10
2	wM	29
2	dL	51
2	lS	151
2	Su	284
2	tP	45
2	o4	785
2	j8	267
2	p9	503
2	u6	382
2	zA	9
2	Fv	5
2	jR	4
2	Ry	155
2	^3	5857
2	Mi	815
2	qf	153
2	nG	184
2	aK	75
2	pH	13
2	Hm	6
2	Wp	3
2	vR	14
2	Rc	8
2	cZ	5
2	Zo	58
2	fq	176
2	_4	202
2	qe	224
2	qh	275
2	3D	16
2	DB	27
2	DI	31
2	In	149
2	Dp	9
2	EN	69
2	ND	58
2	DT	20
2	TL	22
2	Lu	313
2	eH	86
2	3S	4
2	aH	49
2	Hy	34
2	Hk	3
2	oU	5
2	UA	20
2	nS	323
2	u4	479
2	cL	15
2	dE	26
2	Ec	30
2	u7	496
2	u9	1016
2	q4	98
2	n7	2255
2	nq	1563
2	o7	945
2	kq	197
2	mT	25
2	Sh	583
2	Ra	616
2	^4	5417
2	aS	107
2	5q	18
2	4D	10
2	Li	486
2	Wg	2
2	gW	25
2	WZ	5
2	ZN	4
2	Nz	3
2	Q0	5
2	vA	35
2	o6	582
2	pz	484
2	zv	735
2	fk	1067
2	8u	35
2	4C	9
2	6F	3
2	A0	113
2	U6	1
2	U5	6
2	ZK	2
2	KT	13
2	TU	18
2	UB	17
2	EP	17
2	P7	8
2	PY	7
2	YJ	9
2	JO	24
2	WI	21
2	S2	22
2	AV	49
2	V2	7
2	YU	8
2	W5	2
2	ZH	16
2	F4	4
2	D5	7
2	5U	3
2	UM	10
2	MJ	30
2	JU	7
2	UJ	6
2	J6	4
2	h5	674
2	_3	302
2	aG	57
2	GG	17
2	r8	1738
2	j7	232
2	sN	37
2	w8	297
2	zk	2218
2	n6	1492
2	eC	147
2	Cr	216
2	qv	272
2	v_	601
2	qd	265
2	vq	78
2	qx	175
2	z7	319
2	^5	5000
2	v4	288
2	D2	15
2	DA	70
2	N5	6
2	rq	1124
2	xq	269
2	yq	498
2	oB	52
2	BB	29
2	8J	5
2	9D	2
2	b_	532
2	fz	496
2	vt	1310
2	cq	976
2	q7	91
2	jq	283
2	q_	111
2	w9	397
2	hW	17
2	y5	683
2	q5	99
2	rD	80
2	D4	6
2	hv	2006
2	v7	311
2	^6	3433
2	7H	2
2	qy	262
2	k6	494
2	rH	61
2	He	393
2	BJ	13
2	JI	28
2	I1	10
2	Ci	53
2	Da	981
2	mK	23
2	K9	9
2	w6	190
2	bE	5
2	NB	16
2	B2	15
2	bx	302
2	v9	815
2	9T	5
2	TD	18
2	Dx	4
2	xK	14
2	KY	11
2	Yf	3
2	sZ	17
2	ZS	11
2	S6	10
2	iR	21
2	qC	4
2	pA	12
2	q8	128
2	^7	4150
2	q6	64
2	_7	251
2	_s	3322
2	vz	456
2	qk	195
2	l#	1
2	#3	2
2	l%	1
2	%2	1
2	rA	108
2	8G	4
2	Gk	5
2	o5	719
2	qm	292
2	sP	64
2	Pc	3
2	qM	2
2	Mq	3
2	M7	7
2	JW	29
2	WM	12
2	Mw	7
2	lO	23
2	O4	6
2	pX	2
2	XV	5
2	Va	255
2	lV	25
2	VS	28
2	Sw	57
2	fR	8
2	yH	54
2	H3	6
2	^8	4259
2	6L	2
2	jx	506
2	m8	799
2	Bi	184
2	tR	55
2	Ju	337
2	oM	73
2	uR	11
2	K8	7
2	z6	226
2	v6	176
2	^9	4356
2	FA	30
2	A1	80
2	qb	349
2	7X	3
2	Er	211
2	cW	12
2	9U	1
2	DJ	30
2	sY	12
2	Rk	3
2	nT	150
2	T7	8
2	Au	109
2	sW	57
2	I6	3
2	UR	21
2	RH	13
2	HN	12
2	sT	63
2	f_	409
2	_c	2145
2	gI	10
2	I8	1
2	8N	2
2	Nl	4
2	VY	5
2	Y6	5
2	iF	27
2	Sv	42
2	vC	11
2	HC	25
2	Re	376
2	^<	1
2	<>	1
2	^=	4
2	=$	2
2	=^	1
2	^^	5
2	=l	1
2	^A	3050
2	NT	41
2	A2	15
2	A4	9
2	aD	62
2	dR	49
2	AA	36
2	At	61
2	AB	75
2	GH	27
2	HH	13
2	AW	24
2	WR	16
2	B1	53
2	B0	41
2	FZ	5
2	ZL	11
2	LA	53
2	BH	22
2	SH	75
2	HE	44
2	EK	19
2	K2	13
2	KC	16
2	KK	19
2	HA	86
2	NN	21
2	BN	7
2	Ni	469
2	BO	25
2	NV	6
2	VA	29
2	I9	4
2	SO	32
2	LU	23
2	UT	12
2	TS	45
2	gB	28
2	Bn	4
2	By	33
2	CI	22
2	OT	20
2	TT	22
2	PM	24
2	ME	37
2	ET	29
2	CU	14
2	UN	22
2	NI	36
2	I2	15
2	aL	57
2	La	458
2	Ri	326
2	Cd	13
2	eV	39
2	Vo	105
2	Co	580
2	cP	23
2	Py	27
2	lP	61
2	Ps	17
2	MI	46
2	TH	38
2	H6	2
2	DD	35
2	DH	22
2	IN	88
2	NS	39
2	SX	7
2	Xs	5
2	DK	20
2	DL	25
2	DM	36
2	DP	19
2	lR	53
2	oH	38
2	oC	69
2	Dm	96
2	Do	335
2	Ds	13
2	PT	14
2	ES	66
2	M8	7
2	Ed	123
2	Es	63
2	AF	34
2	F1	9
2	FF	24
2	FL	13
2	IA	51
2	N0	52
2	FK	8
2	K4	2
2	FN	2
2	Fa	262
2	Fe	182
2	Ho	322
2	Fr	328
2	GI	11
2	IL	42
2	LL	51
2	L2	11
2	GM	25
2	GT	14
2	TM	30
2	AH	27
2	I0	12
2	Id	18
2	AJ	37
2	J2	8
2	OF	8
2	J9	9
2	JA	64
2	nR	150
2	JM	63
2	MG	39
2	M_	17
2	_B	94
2	H_	15
2	JS	58
2	Ja	894
2	Jd	15
2	eM	135
2	Je	416
2	nJ	129
2	AK	55
2	K0	13
2	K3	5
2	KD	10
2	KJ	11
2	S9	7
2	JN	13
2	V5	1
2	KO	18
2	OU	31
2	U0	12
2	KR	14
2	KS	29
2	AY	26
2	eK	64
2	Kn	59
2	Kl	78
2	iB	41
2	Bu	211
2	Ku	178
2	L0	25
2	L3	9
2	L6	3
2	L7	4
2	EX	15
2	DR	46
2	RU	25
2	RT	29
2	US	33
2	LH	19
2	EM	28
2	MN	14
2	LI	57
2	SA	72
2	N_	11
2	TA	62
2	EB	18
2	LN	8
2	LO	28
2	ON	59
2	BU	15
2	TB	22
2	UL	17
2	LS	24
2	oL	44
2	Lg	5
2	Lo	293
2	Ly	65
2	M2	33
2	M5	3
2	M6	5
2	Ve	129
2	MD	26
2	K7	7
2	IF	8
2	RM	42
2	C9	6
2	BR	27
2	ML	40
2	MO	29
2	OS	50
2	SN	18
2	NG	67
2	G1	29
2	MV	16
2	VP	11
2	Ph	205
2	SB	35
2	YO	7
2	PA	45
2	EW	21
2	WH	11
2	LZ	9
2	W_	6
2	J_	20
2	_P	66
2	PL	19
2	AS	110
2	SS	72
2	RD	29
2	DY	13
2	YS	16
2	NE	37
2	EL	52
2	AO	21
2	NM	23
2	My	71
2	RC	33
2	HM	24
2	ST	76
2	NU	10
2	GK	11
2	KU	12
2	NC	32
2	R1	23
2	NW	14
2	_G	65
2	Nm	5
2	OV	13
2	Os	47
2	AP	31
2	PH	21
2	LP	29
2	PO	15
2	T0	18
2	PI	14
2	zB	10
2	Pi	184
2	Pl	66
2	AQ	4
2	Q_	3
2	_R	59
2	BY	10
2	HY	5
2	YA	18
2	SE	36
2	RB	25
2	GA	39
2	NO	23
2	KE	28
2	IZ	8
2	ZA	18
2	RK	18
2	Ab	141
2	Ks	19
2	OO	30
2	Td	4
2	Tr	248
2	OY	4
2	zH	9
2	z5	358
2	Ru	211
2	S4	9
2	SD	36
2	HL	18
2	EY	9
2	YB	2
2	KV	7
2	VI	37
2	CE	35
2	Iv	99
2	SL	37
2	IU	11
2	LJ	20
2	SR	25
2	R5	4
2	UP	22
2	Sc	421
2	Sk	83
2	Sp	167
2	Sy	56
2	Sz	27
2	TJ	24
2	TR	42
2	AU	13
2	Uz	4
2	VB	3
2	H5	4
2	VK	14
2	PG	24
2	VZ	4
2	Za	168
2	nV	73
2	Vl	87
2	Vr	13
2	Vy	11
2	We	186
2	Wi	327
2	Wv	4
2	AX	15
2	XC	5
2	XL	11
2	XO	8
2	N2	7
2	Xu	33
2	Wu	39
2	Ya	200
2	AZ	13
2	ZE	8
2	IK	20
2	ZG	7
2	ZZ	12
2	ZC	6
2	S_	20
2	Zd	4
2	A_	25
2	Go	258
2	_N	36
2	_T	67
2	_S	144
2	Aa	69
2	aM	96
2	fN	10
2	Ti	271
2	nA	159
2	Av	59
2	nD	193
2	En	93
2	JH	43
2	cS	32
2	nP	158
2	rP	72
2	PD	17
2	DX	7
2	dF	40
2	Fo	132
2	Sm	141
2	kB	39
2	_K	92
2	Ki	260
2	bN	6
2	fS	17
2	iO	23
2	Of	56
2	zS	15
2	Om	51
2	z_	454
2	Ah	65
2	lN	39
2	rB	75
2	hK	29
2	Kh	86
2	hM	50
2	kN	17
2	_8	385
2	r_	2552
2	yK	55
2	V0	6
2	iP	48
2	P2	6
2	tM	59
2	hG	33
2	vO	10
2	On	72
2	j_	535
2	Bh	33
2	kS	72
2	Sr	37
2	rM	109
2	mN	20
2	mO	10
2	lM	91
2	tH	80
2	As	137
2	Ac	72
2	sK	75
2	yM	88
2	eB	143
2	eF	72
2	eX	31
2	X6	4
2	y_	1990
2	mG	17
2	mV	13
2	dW	41
2	sL	88
2	nX	27
2	XD	15
2	cM	26
2	_x	433
2	Ad	226
2	dM	52
2	mA	34
2	mB	34
2	rC	99
2	mC	33
2	mD	24
2	Dy	59
2	mE	16
2	mF	17
2	mH	34
2	mJ	38
2	lW	43
2	Wr	27
2	Kr	229
2	mL	32
2	Ng	53
2	mP	23
2	Gi	224
2	Sn	60
2	mW	26
2	dV	20
2	VG	9
2	mZ	10
2	5W	2
2	sS	131
2	wK	13
2	Jr	31
2	lA	57
2	Mh	14
2	l_	2238
2	nI	33
2	Is	91
2	sC	74
2	nE	89
2	_V	34
2	q9	153
2	aP	41
2	aB	66
2	yE	25
2	Ek	14
2	lC	78
2	bM	9
2	yJ	36
2	_L	80
2	Ae	22
2	dA	64
2	Af	24
2	vG	12
2	fM	11
2	sX	11
2	Ag	46
2	rT	73
2	h6	530
2	tE	23
2	l6	546
2	rK	82
2	sM	113
2	lD	60
2	aC	57
2	CT	23
2	Ay	28
2	EO	18
2	dS	76
2	dI	18
2	Il	57
2	lZ	17
2	dD	43
2	dH	34
2	yB	86
2	yA	59
2	R2	13
2	_A	73
2	Ai	57
2	Uf	7
2	nO	62
2	O'	4
2	'B	1
2	_E	38
2	eJ	68
2	kC	42
2	CG	17
2	GN	8
2	mI	10
2	II	78
2	eR	105
2	iD	34
2	rY	21
2	rE	35
2	Ey	18
2	Aj	24
2	_H	70
2	tG	37
2	rX	26
2	Ak	65
2	iC	47
2	iW	20
2	tS	80
2	aO	16
2	N1	29
2	lK	49
2	yS	110
2	SG	28
2	nF	98
2	tB	56
2	Vi	311
2	GB	13
2	oA	46
2	Ts	44
2	rV	31
2	zT	6
2	eG	91
2	eZ	27
2	Z0	5
2	cA	19
2	yG	53
2	cG	29
2	cR	16
2	oJ	26
2	zC	10
2	sG	66
2	kG	23
2	rJ	69
2	yC	74
2	yI	20
2	yL	61
2	yY	15
2	Yu	125
2	yZ	24
2	Zh	170
2	iH	36
2	iN	36
2	aF	26
2	1S	7
2	1E	1
2	xA	11
2	DF	13
2	xC	19
2	xE	10
2	xH	8
2	xI	3
2	xJ	6
2	KG	18
2	G2	10
2	aV	28
2	cC	35
2	xN	7
2	Y2	5
2	xO	5
2	Ob	36
2	xR	11
2	xS	37
2	xT	10
2	V3	1
2	VL	7
2	xW	10
2	WS	15
2	x_	574
2	rG	53
2	rI	24
2	LW	11
2	yN	33
2	NL	20
2	rN	43
2	rO	35
2	Oc	22
2	Ov	22
2	Ow	24
2	pK	8
2	Pu	72
2	rR	59
2	rU	5
2	Ud	8
2	VF	3
2	rW	48
2	WC	8
2	rZ	31
2	Ev	89
2	Tk	17
2	eO	29
2	Ou	20
2	_C	83
2	uA	7
2	uO	5
2	Ol	196
2	MK	34
2	yO	21
2	yP	47
2	yR	55
2	yV	20
2	Zi	60
2	sJ	52
2	JK	26
2	aW	31
2	Gl	67
2	Vk	2
2	Bw	10
2	dJ	31
2	JC	54
2	Ce	64
2	iA	37
2	zG	13
2	Gh	48
2	_Z	20
2	eT	80
2	GZ	5
2	ZI	11
2	eW	71
2	aZ	25
2	Ye	74
2	JR	30
2	R3	6
2	8U	3
2	Up	14
2	nK	188
2	PN	4
2	Xy	5
2	Az	28
2	oO	20
2	fC	11
2	oG	40
2	G9	5
2	CL	32
2	oS	75
2	_O	29
2	_Y	21
2	pM	14
2	tA	45
2	Ur	20
2	gA	18
2	gG	19
2	eP	70
2	vD	17
2	lI	13
2	Ig	43
2	Nu	47
2	tT	34
2	yU	7
2	Em	100
2	dG	41
2	tU	12
2	sH	82
2	tZ	9
2	eE	50
2	Et	55
2	gH	29
2	B3	9
2	0Y	1
2	YT	10
2	aR	59
2	aU	6
2	Us	39
2	Ei	45
2	sF	42
2	sO	34
2	Ot	30
2	_h	1618
2	iG	35
2	iT	43
2	jB	4
2	jL	6
2	jS	10
2	_v	805
2	wA	11
2	wC	19
2	CW	20
2	wD	20
2	wE	7
2	Eg	34
2	wF	7
2	wG	12
2	GD	11
2	Gn	12
2	wI	4
2	Ir	32
2	wJ	16
2	WE	12
2	Ji	150
2	wL	28
2	cD	38
2	wN	13
2	NJ	18
2	NP	13
2	wO	8
2	'M	1
2	wP	6
2	wR	17
2	wS	20
2	wT	19
2	Tz	10
2	wV	6
2	wW	17
2	WP	9
2	wZ	2
2	w_	437
2	_z	779
2	bS	24
2	kR	30
2	yD	73
2	Ut	16
2	Hr	22
2	iI	17
2	Iw	6
2	Ty	66
2	dK	49
2	dN	24
2	lG	52
2	jF	2
2	jG	3
2	yF	45
2	gD	16
2	DZ	9
2	GO	18
2	PK	18
2	Oa	11
2	gF	17
2	M0	15
2	OD	16
2	cB	15
2	oY	17
2	oZ	17
2	eL	114
2	hN	15
2	iL	34
2	lT	47
2	oX	21
2	Xa	30
2	Ep	17
2	PF	14
2	FC	16
2	JL	37
2	Og	20
2	uS	23
2	pF	6
2	Fj	2
2	EG	16
2	nY	43
2	Yn	5
2	Dz	22
2	kP	24
2	oN	35
2	oW	31
2	uM	15
2	gV	6
2	fY	2
2	Ao	10
2	hR	26
2	Rv	8
2	TP	33
2	PV	9
2	pJ	4
2	Ie	6
2	uH	11
2	pS	23
2	MP	26
2	Jl	8
2	Aq	12
2	lL	43
2	Ia	77
2	Nt	5
2	Zu	29
2	N6	6
2	Zj	5
2	tO	18
2	GL	13
2	oT	47
2	LV	8
2	Zl	8
2	hA	30
2	aI	19
2	HJ	14
2	kT	20
2	zZ	6
2	Eh	10
2	bR	8
2	nU	22
2	Ue	8
2	oK	30
2	tJ	33
2	Oh	22
2	Zw	9
2	tQ	4
2	Qc	4
2	uP	11
2	uN	9
2	oV	26
2	HD	24
2	vE	7
2	ID	35
2	hF	14
2	hI	8
2	Bb	9
2	IG	17
2	Fy	8
2	kI	19
2	CB	20
2	oF	38
2	X1	9
2	pI	4
2	Uc	5
2	Vu	13
2	yX	6
2	XY	9
2	tK	38
2	uT	14
2	VC	9
2	tV	13
2	tW	27
2	bA	8
2	eI	26
2	Ee	17
2	Ok	14
2	WB	11
2	vh	821
2	Aw	21
2	Ax	20
2	lF	42
2	aE	28
2	zI	4
2	Iz	16
2	ZP	5
2	^B	1577
2	Z3	6
2	B7	5
2	Qu	109
2	UO	28
2	Oj	3
2	LY	12
2	Hz	4
2	T2	15
2	N9	4
2	Pd	5
2	G_	13
2	Sb	10
2	Bt	2
2	zN	2
2	H0	11
2	FG	8
2	Tm	11
2	BG	16
2	GJ	14
2	CM	26
2	GR	24
2	HS	24
2	SU	22
2	TC	30
2	OI	10
2	D7	6
2	K6	3
2	zF	10
2	Js	21
2	BK	11
2	BL	20
2	LB	25
2	LC	36
2	Md	14
2	LR	12
2	Rp	7
2	UE	17
2	7M	2
2	DO	28
2	OW	10
2	W2	10
2	BM	32
2	cT	22
2	GF	11
2	P3	8
2	3R	13
2	hJ	29
2	JQ	6
2	QV	1
2	cF	22
2	FJ	5
2	Dh	26
2	hZ	7
2	W9	9
2	Tt	2
2	HW	6
2	GW	7
2	WV	3
2	tq	337
2	qA	3
2	Tq	1
2	X4	5
2	H9	10
2	Hb	6
2	Tp	7
2	Tw	31
2	cU	4
2	U8	2
2	Y9	3
2	EV	20
2	Vv	4
2	fK	10
2	Sd	9
2	9Q	2
2	Qn	4
2	vY	7
2	YX	7
2	Tg	7
2	cV	9
2	V8	3
2	Xv	6
2	9A	2
2	7Z	1
2	Zr	5
2	Vb	1
2	Rd	11
2	dY	7
2	qB	2
2	BV	6
2	Vn	2
2	Xp	8
2	Cc	7
2	Zg	4
2	WL	12
2	Lr	6
2	Vf	3
2	fT	11
2	Tv	6
2	zK	14
2	Jq	1
2	Wf	2
2	zU	2
2	PZ	2
2	Nj	4
2	jP	3
2	cX	4
2	XG	6
2	zP	9
2	vT	8
2	CV	8
2	V9	1
2	dX	4
2	Xo	12
2	Hn	2
2	TF	9
2	Fx	3
2	vL	3
2	L4	6
2	gY	18
2	Yq	1
2	qV	2
2	Ns	6
2	OR	49
2	UZ	4
2	ZJ	9
2	Ea	28
2	IW	4
2	WU	5
2	HR	27
2	R_	16
2	BP	9
2	BQ	2
2	QE	2
2	RL	20
2	LG	19
2	GU	19
2	BT	18
2	T_	19
2	T3	11
2	RN	19
2	BX	2
2	YD	3
2	BZ	3
2	Z5	3
2	UD	11
2	B_	9
2	L_	19
2	_U	14
2	U_	3
2	E_	18
2	D_	18
2	O_	8
2	_F	46
2	Y_	7
2	C_	21
2	MT	24
2	hD	32
2	kJ	18
2	N7	4
2	gS	28
2	oP	34
2	Ms	14
2	jK	5
2	Ef	13
2	Dw	18
2	kE	11
2	Eu	28
2	jD	4
2	zD	8
2	TV	11
2	fA	10
2	mX	6
2	Bc	5
2	Bd	5
2	dO	15
2	fD	9
2	uG	12
2	oI	17
2	It	31
2	kO	10
2	gX	11
2	tL	21
2	uE	4
2	jV	2
2	Oe	13
2	o_	2595
2	tF	21
2	dP	34
2	DG	25
2	SK	30
2	lE	21
2	Bg	3
2	jN	6
2	hL	30
2	iZ	23
2	gQ	7
2	Qi	42
2	uC	17
2	gC	28
2	gJ	18
2	Jm	14
2	gT	17
2	hP	29
2	F8	5
2	lJ	47
2	ZX	4
2	gL	36
2	Xi	67
2	oQ	5
2	Qw	6
2	pT	12
2	G6	5
2	EU	7
2	Eb	20
2	Bk	4
2	kA	39
2	kD	34
2	kV	16
2	zL	10
2	fP	7
2	Lt	7
2	Bm	6
2	Yi	38
2	bW	6
2	aX	11
2	3I	2
2	Rx	7
2	vN	6
2	R8	5
2	gE	14
2	sU	14
2	vP	13
2	_I	23
2	Ih	16
2	Bp	5
2	P_	13
2	M1	33
2	Hj	7
2	eU	7
2	X9	4
2	OC	14
2	RP	19
2	_W	37
2	jM	6
2	vK	17
2	KI	27
2	Bz	3
2	H1	7
2	Bs	4
2	uF	7
2	Gg	4
2	Mk	5
2	gZ	21
2	kH	34
2	vB	10
2	fF	5
2	Bv	6
2	Oo	18
2	Bx	1
2	FP	7
2	Mx	6
2	^C	1774
2	K1	25
2	R4	7
2	4G	5
2	VO	7
2	L8	11
2	TG	14
2	XE	5
2	Tl	3
2	YP	8
2	IV	20
2	0F	3
2	D9	7
2	9F	3
2	NZ	16
2	EZ	9
2	RV	17
2	PS	39
2	FS	10
2	G0	27
2	Gj	3
2	Gw	12
2	Y0	7
2	NH	18
2	HB	15
2	E0	54
2	W0	9
2	HQ	5
2	Q1	6
2	TO	38
2	RF	10
2	_X	17
2	JE	33
2	Y1	11
2	CJ	8
2	JP	39
2	VE	18
2	LD	27
2	DW	12
2	Lj	4
2	CN	19
2	Np	5
2	OA	12
2	N4	9
2	4V	2
2	PR	33
2	Vc	3
2	CQ	5
2	QK	2
2	QS	3
2	QU	5
2	UI	14
2	T8	3
2	SV	17
2	VD	14
2	pO	5
2	CX	6
2	Sg	4
2	6I	1
2	XB	9
2	CY	7
2	YQ	1
2	CZ	7
2	HG	11
2	Z1	13
2	Wz	4
2	bB	9
2	bF	5
2	bK	12
2	fL	14
2	vS	26
2	lH	55
2	WW	9
2	IX	4
2	Cb	7
2	Kw	16
2	Cf	1
2	Cg	3
2	VV	21
2	VR	15
2	SF	19
2	_u	325
2	TW	18
2	Y7	2
2	YZ	5
2	M3	10
2	cJ	13
2	uX	7
2	uL	19
2	u_	1034
2	iQ	7
2	Lh	6
2	gR	13
2	JJ	40
2	cI	9
2	TZ	10
2	W6	5
2	gM	33
2	_Q	10
2	TK	10
2	hE	15
2	hH	27
2	hT	28
2	Pf	9
2	Y5	1
2	jO	3
2	kL	26
2	kY	8
2	iY	17
2	JD	34
2	Op	25
2	Cj	7
2	Ck	2
2	yQ	10
2	FM	16
2	Cm	13
2	Cn	5
2	bC	11
2	W7	3
2	sI	26
2	Eq	3
2	Q8	2
2	lX	4
2	IQ	5
2	C8	6
2	Vs	3
2	Tx	4
2	Cp	9
2	Cq	2
2	gP	13
2	nQ	19
2	PJ	14
2	w5	253
2	ZO	3
2	zM	16
2	Cs	17
2	Ct	5
2	tX	13
2	J7	4
2	Cv	5
2	Cw	3
2	Cx	3
2	Nn	3
2	^D	2190
2	U1	19
2	TY	12
2	FO	12
2	GS	25
2	S3	10
2	EJ	15
2	FV	3
2	SQ	5
2	QY	4
2	W1	24
2	NK	18
2	WX	3
2	JF	29
2	iX	12
2	P0	25
2	Jv	13
2	7R	4
2	LF	10
2	LT	22
2	Lk	6
2	Gb	8
2	aQ	4
2	Qx	5
2	Ml	12
2	DN	13
2	LX	8
2	XU	5
2	DQ	3
2	Qv	3
2	E2	19
2	W3	1
2	FR	11
2	Tf	2
2	RZ	5
2	Rt	3
2	DV	16
2	WG	7
2	Xk	1
2	X7	4
2	KX	2
2	iV	18
2	VT	7
2	YW	5
2	Gx	2
2	SZ	5
2	ZT	4
2	Ll	13
2	Y3	3
2	lY	7
2	zJ	8
2	KZ	4
2	Ez	12
2	zW	8
2	kX	6
2	Xr	4
2	kZ	8
2	hY	10
2	YN	4
2	Iy	5
2	P5	2
2	dQ	4
2	WD	11
2	WK	4
2	dZ	13
2	Db	7
2	IH	8
2	Dd	3
2	Fc	2
2	pC	6
2	pR	6
2	5O	2
2	Vd	6
2	Ul	32
2	kF	23
2	vI	15
2	Dj	20
2	vJ	4
2	cQ	4
2	Df	4
2	fJ	5
2	wQ	4
2	Dg	7
2	Io	11
2	C5	1
2	fO	4
2	Oz	14
2	'd	3
2	vV	10
2	kW	21
2	tY	9
2	uJ	6
2	jC	5
2	Dl	5
2	A8	3
2	vW	2
2	Dn	5
2	cH	12
2	YM	6
2	If	5
2	KL	17
2	ZY	5
2	HX	5
2	Dt	4
2	uY	7
2	eQ	9
2	gK	14
2	Ky	84
2	Dv	8
2	^E	874
2	7K	1
2	0X	5
2	O7	2
2	IJ	6
2	R9	6
2	O8	1
2	EQ	3
2	iE	9
2	Mn	6
2	Od	13
2	Ej	7
2	ZM	5
2	Jk	4
2	Gd	6
2	Wx	4
2	Eo	6
2	T4	6
2	cE	8
2	JZ	8
2	K_	7
2	kQ	2
2	R7	4
2	uD	10
2	gU	3
2	Ew	16
2	dU	3
2	bD	7
2	KN	2
2	^F	738
2	W4	6
2	F7	10
2	PE	27
2	FW	7
2	G7	3
2	FH	7
2	FI	12
2	Lw	5
2	zE	4
2	FU	2
2	O0	9
2	X_	7
2	F_	8
2	mQ	6
2	Ff	2
2	Fg	6
2	Fh	1
2	pP	4
2	pV	4
2	4W	3
2	Fk	2
2	OX	9
2	wX	3
2	pD	8
2	Fm	3
2	Fn	1
2	Fp	2
2	Ic	27
2	mU	7
2	Fs	5
2	Fz	1
2	^G	1008
2	Ss	14
2	G4	4
2	G5	5
2	Zz	11
2	jE	3
2	Gv	3
2	I_	7
2	QD	4
2	Gz	3
2	Jp	13
2	U7	1
2	VU	1
2	Mv	13
2	0O	2
2	RX	3
2	UF	5
2	Tj	11
2	WQ	2
2	GX	10
2	XJ	6
2	WN	6
2	WO	8
2	GY	4
2	fW	5
2	gN	14
2	vF	6
2	Xz	5
2	Gc	2
2	HK	15
2	lU	5
2	fH	11
2	VH	2
2	sQ	4
2	Gf	3
2	1L	6
2	bH	4
2	4K	2
2	Kp	7
2	kU	2
2	bP	7
2	Gm	9
2	Hw	5
2	K5	3
2	Gp	2
2	fZ	1
2	Gs	10
2	Gt	3
2	V_	6
2	XM	9
2	Gy	8
2	^H	929
2	H7	4
2	H8	5
2	YF	2
2	FY	2
2	Q9	2
2	Mz	2
2	Mp	7
2	UX	4
2	XI	21
2	SY	9
2	X3	6
2	9X	1
2	XH	4
2	U2	33
2	HZ	3
2	iJ	22
2	Hc	1
2	Hd	5
2	Hg	3
2	Hh	2
2	KW	7
2	uI	3
2	Ik	11
2	pZ	4
2	xU	1
2	Hl	6
2	cO	2
2	pL	4
2	5N	3
2	NF	9
2	Jy	6
2	Hs	19
2	Kj	4
2	Ht	3
2	Hv	1
2	hX	1
2	X5	2
2	^I	611
2	Nh	9
2	ZW	3
2	I3	3
2	Vm	3
2	7V	1
2	PX	5
2	Tb	4
2	P9	5
2	Pp	4
2	gO	5
2	O2	25
2	Pz	1
2	cY	4
2	Ib	7
2	mY	7
2	hx	637
2	Ii	4
2	Ij	3
2	TX	6
2	Ys	11
2	Ip	7
2	Iq	2
2	Iu	8
2	vZ	6
2	Rz	2
2	ZB	5
2	Ix	2
2	^J	2873
2	8K	3
2	J3	2
2	J4	2
2	J5	3
2	Yc	2
2	Yl	3
2	Lp	6
2	3X	5
2	S7	3
2	YI	6
2	O6	2
2	IY	5
2	Jf	5
2	Jz	8
2	Y4	4
2	F0	4
2	Wl	5
2	OE	8
2	Wd	2
2	QP	1
2	Sj	9
2	UH	7
2	JV	7
2	JX	4
2	YY	4
2	Z_	4
2	bG	3
2	bJ	3
2	bL	7
2	bV	2
2	bT	7
2	bZ	2
2	Mm	1
2	hU	3
2	Uh	3
2	Qz	1
2	JY	7
2	Jb	11
2	Jc	13
2	pB	14
2	fE	4
2	fG	7
2	Tc	9
2	Uw	7
2	Uk	9
2	Wn	2
2	Jg	5
2	Jh	12
2	uW	9
2	Jj	5
2	Jn	8
2	4N	4
2	3Y	2
2	Qy	1
2	M9	3
2	Z6	3
2	KB	14
2	jX	1
2	Xe	31
2	V1	8
2	pN	5
2	L9	7
2	Jt	11
2	Ox	8
2	Jw	7
2	^K	1385
2	UG	7
2	UV	1
2	Ls	8
2	I5	3
2	OZ	3
2	KP	10
2	Km	10
2	XZ	7
2	Yk	1
2	p_	493
2	Kb	8
2	xQ	2
2	Qb	3
2	bU	3
2	Kc	4
2	Kd	1
2	Kf	1
2	Kg	2
2	fV	2
2	Rn	5
2	Kk	3
2	Zq	3
2	Kt	3
2	Kv	5
2	9I	1
2	QB	3
2	Kz	2
2	^L	1297
2	3T	3
2	QI	4
2	LQ	2
2	Qs	1
2	MQ	1
2	QL	8
2	RQ	4
2	D'	1
2	'E	1
2	5G	2
2	VN	7
2	Vz	1
2	Lb	6
2	Lc	7
2	Ld	5
2	pG	6
2	xG	8
2	'S	1
2	XT	8
2	uZ	11
2	Ln	4
2	Rg	7
2	5P	4
2	P8	5
2	7S	2
2	Lv	8
2	Lx	3
2	Lz	4
2	7N	2
2	^M	2810
2	I4	2
2	4I	1
2	N8	5
2	WJ	7
2	HV	2
2	Wm	5
2	Ws	6
2	WF	5
2	XR	4
2	MY	8
2	Yt	3
2	MZ	5
2	A6	5
2	Nv	5
2	VW	5
2	Oi	6
2	uV	3
2	QM	2
2	W8	3
2	Ug	3
2	Mb	15
2	Xm	3
2	Mg	6
2	Nw	3
2	Ft	3
2	vH	5
2	Qh	1
2	Mt	7
2	Xb	2
2	8Q	3
2	QT	3
2	^N	1027
2	0A	1
2	T9	4
2	9B	1
2	OJ	7
2	NQ	1
2	Zk	3
2	Nb	1
2	Nc	3
2	Nd	4
2	Ny	17
2	Nk	1
2	Nq	1
2	qX	2
2	Z7	2
2	Nr	8
2	Nx	1
2	^O	469
2	O9	2
2	O5	2
2	UU	2
2	QF	2
2	YV	3
2	bO	1
2	zV	3
2	Oy	5
2	^P	1322
2	Bf	2
2	Uj	4
2	uK	10
2	jT	3
2	4O	1
2	Vj	3
2	Xx	14
2	Pg	2
2	pW	5
2	Pj	2
2	Pk	3
2	Xt	3
2	Pm	6
2	Fd	3
2	Um	11
2	VX	2
2	Pt	2
2	Pv	6
2	Pw	3
2	^Q	126
2	Q3	4
2	Q5	5
2	Q7	2
2	QC	1
2	QG	1
2	QO	2
2	QQ	4
2	QR	3
2	QW	2
2	QZ	1
2	Qa	7
2	Qj	2
2	Qm	1
2	Qo	1
2	Qr	2
2	Sx	2
2	^R	1661
2	Y8	2
2	S8	2
2	pE	2
2	Rb	4
2	hQ	2
2	8V	1
2	Rj	4
2	Rl	9
2	Rr	4
2	Rs	10
2	Rw	10
2	^S	2866
2	0Z	4
2	ZD	2
2	ZR	4
2	Ux	3
2	fU	3
2	Z2	4
2	Sf	1
2	zQ	2
2	Sq	15
2	wY	1
2	lQ	1
2	Ww	4
2	3F	2
2	^T	1682
2	3V	2
2	Px	2
2	xX	12
2	Q2	1
2	Yd	2
2	XF	1
2	Tn	3
2	^U	249
2	0U	3
2	UQ	1
2	P6	4
2	UW	3
2	Ub	7
2	Ui	1
2	Uo	3
2	E9	2
2	Uv	3
2	^V	608
2	2Y	2
2	Jx	1
2	qY	1
2	ZV	2
2	VJ	2
2	7O	1
2	8E	1
2	XW	7
2	7I	1
2	OQ	1
2	qo	187
2	Vg	1
2	Vt	1
2	^W	532
2	J8	2
2	Dq	1
2	Hp	1
2	Z4	2
2	Ym	3
2	WY	5
2	Yz	2
2	Wb	5
2	Wk	1
2	Yx	1
2	Wq	1
2	Wt	2
2	^X	185
2	7L	2
2	X8	2
2	qO	1
2	U9	2
2	XK	1
2	XN	1
2	XQ	1
2	Xc	3
2	0P	2
2	Xg	2
2	Xh	2
2	6Z	1
2	Xj	1
2	Xn	1
2	Xw	2
2	^Y	375
2	YK	1
2	Z8	2
2	ZQ	1
2	O3	1
2	Yb	1
2	qG	1
2	Yp	2
2	Yr	5
2	jU	2
2	jZ	1
2	^Z	379
2	ZF	2
2	Zb	3
2	Zf	2
2	Zn	3
2	Zs	4
2	Zv	5
2	^$	3
2	_^	1
2	^`	2
2	`r	2
2	o'	12
2	'l	3
2	6V	2
2	Vq	1
2	qR	2
2	8X	1
2	'm	1
2	^b	55658
2	bY	2
2	Oq	1
2	$m	4
2	^c	66584
2	Hx	2
2	'c	2
2	^d	75535
2	'r	1
2	Pn	3
2	9R	2
2	1O	2
2	fQ	1
2	Nf	1
2	^e	37465
2	2X	1
2	3Z	1
2	jW	3
2	^f	32505
2	a#	1
2	#2	2
2	T6	1
2	^g	44681
2	bQ	1
2	Wj	2
2	Uy	1
2	m/	4
2	/b	1
2	/g	1
2	u/	1
2	/x	1
2	a/	1
2	/i	1
2	/t	2
2	o/	1
2	/c	1
2	n#	1
2	0%	1
2	%g	1
2	^h	37699
2	s/	1
2	/$	1
2	^i	26235
2	Qe	1
2	^j	95353
2	vX	1
2	jA	1
2	2O	1
2	'b	2
2	^k	54007
2	QX	1
2	^l	50782
2	't	1
2	uQ	1
2	^m	113315
2	Qk	1
2	d'	1
2	'e	2
2	s#	2
2	#e	2
2	l'	1
2	'o	1
2	aä	1
2	äe	1
2	^n	42811
2	8Z	1
2	^o	17298
2	^p	54162
2	p#	1
2	Xd	1
2	t'	1
2	'5	1
2	4'	1
2	'i	1
2	^q	4953
2	qS	3
2	pY	1
2	^r	64076
2	8W	2
2	1V	2
2	Zt	1
2	Z9	1
2	^s	115276
2	PQ	1
2	Xl	1
2	Vp	1
2	6W	1
2	7Y	1
2	xY	1
2	^t	61110
2	n=	1
2	=g	1
2	^u	7491
2	qZ	1
2	^v	28402
2	Lf	1
2	TQ	1
2	Qg	1
2	6Q	1
2	^w	26770
2	^x	9777
2	^y	21791
2	9L	1
2	m'	1
2	^z	19322
2	Kq	1
2	^{	1
2	{$	1
2	^~	1
2	~$	1
